{
  "$schema": "https://schema.management.azure.com/schemas/2015-01-01/deploymentParameters.json#",
  "contentVersion": "1.0.0.0",
  "parameters": {
    "location": {
      "value": "southcentralus"
    },
    "workspaceName": {
      "value": "quick-starts-ws-136009"
    },
    "adminUserName": {
      "value": "azureuser"
    },
    "computeInstanceName": {
      "value": "ci-sta-ds12-2"
    },
    "maxNodes": {
      "value": 6
    },
    "minNodes": {
      "value": 1
    },
    "nodeIdleTimeBeforeScaleDown": {
      "value": "PT120S"
    },
    "remoteLoginPortPublicAccess": {
      "value": "NotSpecified"
    },
    "vmSize": {
      "value": "Standard_DS12_v2"
    },
    "vmPriority": {
      "value": "Dedicated"
    }
  }
}